Model,Type: User-Defined Stack Count: 16 Chip Count: 1 Nbank: 1,Type: User-Defined Stack Count: 16 Chip Count: 1 Nbank: 13,Type: User-Defined Stack Count: 16 Chip Count: 1 Nbank: 17,Type: User-Defined Stack Count: 16 Chip Count: 1 Nbank: 5,Type: User-Defined Stack Count: 16 Chip Count: 1 Nbank: 9
mobilenetv2,0.003088764,0.001565294,0.001565294,0.002262742,0.002172424
resnet50,0.00822347,0.005560354,0.005206458000000001,0.006523732,0.006523732
vitbase,0.02047955,0.016230052000000002,0.01257683,0.0173478,0.0173478
vgg16,0.024828285999999998,0.024475620000000003,0.024357654,0.024745956,0.024716464
gpt2,0.083959462,0.083954432,0.07675857999999999,0.083954432,0.083954432
qwen0.6b,0.10505133800000002,0.09657098,0.09657098,0.102115326,0.099913316
gemma1b,0.170526924,0.165655962,0.165655962,0.167189504,0.165655962
llama,0.195079976,0.19090533399999998,0.19090533399999998,0.194889922,0.19279277
