Model,Type: User-Defined Stack Count: 32 Chip Count: 1,Type: User-Defined Stack Count: 64 Chip Count: 1,Type: User-Defined Stack Count: 1 Chip Count: 1,Type: User-Defined Stack Count: 8 Chip Count: 1,Type: User-Defined Stack Count: 16 Chip Count: 1,Type: User-Defined Stack Count: 2 Chip Count: 1,Type: User-Defined Stack Count: 4 Chip Count: 1
vgg16,35.83884615940696,35.6616445794469,18.56266519754367,28.26888887432503,30.89025678460962,26.26094386970203,26.841096561860436
resnet50,24.780380666358347,28.74431371691928,6.025035428361342,14.138543162980566,17.1492732236943,10.308167933333966,11.54069748118943
gpt2,89.84153577439811,95.38917242865747,99.0923154017339,86.4427326789722,87.71513892941152,104.03714821495988,89.60807343349681
mobilenetv2,18.20352979129389,22.08963769668391,4.463530471473874,9.820440376579251,12.663292338619963,7.1184608260063875,8.026986099345569
vitbase,30.943425607485704,38.56054791715311,8.159463513501418,21.922419551174258,24.58393050756667,17.995300215624038,16.709197035397995
llama,213.39386365552727,221.52785326146557,2417.419642970907,226.53296838769236,217.43537348302735,529.5276115172468,255.48733514982035
qwen0.6b,115.35164857295474,122.32454556120013,319.0189271283187,113.99186170608304,113.59127543266236,140.18590481051902,119.22292794815218
gemma1b,191.60281110784615,196.76303862980012,831.2977584554635,199.4411926555811,189.98764880047744,458.2059616041762,223.23620069913687
