Model,Type: User-Defined Stack Count: 32 Chip Count: 1,Type: User-Defined Stack Count: 64 Chip Count: 1,Type: User-Defined Stack Count: 1 Chip Count: 1,Type: User-Defined Stack Count: 8 Chip Count: 1,Type: User-Defined Stack Count: 16 Chip Count: 1,Type: User-Defined Stack Count: 2 Chip Count: 1,Type: User-Defined Stack Count: 4 Chip Count: 1
vgg16,269.2252649725028,268.14684084706283,235.87919443105184,245.49383429253888,254.61044845377847,237.4503982168876,239.01665610023912
resnet50,147.23979476390286,164.68977147056174,86.55807744493603,116.4232776932395,124.72511699163879,97.71614778778937,104.16279653747984
gpt2,816.4103941926235,846.4405994448867,777.1789865741462,788.5299889391008,799.085821913603,778.7501903599674,781.4237944348369
mobilenetv2,96.89821836552333,111.13976407249729,64.36666710999445,74.45809633897939,82.21368961614401,65.93787089582979,68.32042115507976
vitbase,258.55914655356275,293.464785608711,117.02806588445607,197.31973968462,215.14428351831904,170.4252945120501,155.7885878215396
llama,1819.2288013834484,1852.8778583867565,1778.1374433739627,1790.6427006111587,1800.2944907239212,1780.190416722421,1782.4776091081615
qwen0.6b,1025.3576099866839,1060.1159329684654,984.842269733843,994.9386791579408,1006.9993170837975,986.4134735196741,988.7006659054174
gemma1b,1605.3714994047623,1631.9316691061906,1565.0319343135666,1576.2875788050185,1587.8714273633796,1566.6031380994004,1569.3721000477608
