Model,Type: User-Defined Stack Count: 2 Chip Count: 1,Type: User-Defined Stack Count: 16 Chip Count: 1,Type: User-Defined Stack Count: 4 Chip Count: 1,Type: User-Defined Stack Count: 8 Chip Count: 1,Type: User-Defined Stack Count: 64 Chip Count: 1,Type: User-Defined Stack Count: 32 Chip Count: 1,Type: User-Defined Stack Count: 1 Chip Count: 1
vgg16,0.4712843894958496,0.5219447612762451,0.38881897926330566,0.524183988571167,0.5712120532989502,0.5252523422241211,0.42061543464660645
resnet50,0.8314275741577148,1.1359877586364746,0.8168134689331055,0.9901893138885498,1.146270751953125,1.0978660583496094,0.7623257637023926
mobilenetv2,0.7946667671203613,1.1295599937438965,0.909172534942627,0.8612339496612549,1.0670735836029053,1.0567257404327393,0.7961080074310303
gpt2,0.8770902156829834,1.1245012283325195,0.9370279312133789,1.1150176525115967,1.2839536666870117,1.1659519672393799,0.915163516998291
vitbase,1.0879476070404053,1.3270878791809082,1.0266804695129395,1.1111829280853271,1.5463359355926514,1.3696556091308594,0.9496376514434814
llama,1.2401306629180908,1.5290863513946533,1.311347246170044,1.5643589496612549,1.6471364498138428,1.6651298999786377,1.266129493713379
qwen0.6b,1.6938700675964355,1.8511724472045898,1.8435239791870117,1.6790871620178223,2.0618035793304443,1.8749642372131348,1.6305432319641113
gemma1b,1.7075660228729248,1.6490306854248047,1.6256260871887207,1.6994338035583496,1.9658644199371338,1.8685312271118164,1.6598503589630127
